{
    "0": {
        "0": 0.9392137751786874,
        "1": 0.04303118908382066,
        "^": 0.0019980506822612084,
        "<": 0.0047433398310591296,
        "D": 0.00912930474333983,
        "_": 0.000958414554905783,
        "R": 0.00035737491877842756,
        "v": 0.00021117608836907084,
        ">": 9.746588693957115e-05,
        "L": 0.00014619883040935673,
        "C": 0.00011371020142949967,
        "O": 0.0,
        "Q": 0.0,
        "W": 0.0,
        "S": 0.0,
        "B": 0.0,
        "F": 0.0
    },
    "1": {
        "1": 0.881399894744756,
        "0": 0.09683482444928952,
        "^": 0.004962032929854898,
        "_": 0.0010525524396661906,
        "D": 0.008082099090293962,
        ">": 0.007330275919103827,
        "v": 0.00022554695135704083,
        "C": 0.00011277347567852042,
        "<": 0.0,
        "O": 0.0,
        "Q": 0.0,
        "W": 0.0,
        "S": 0.0,
        "B": 0.0,
        "R": 0.0,
        "F": 0.0,
        "L": 0.0
    },
    "^": {
        "^": 0.7716405605935697,
        "0": 0.1055234954657873,
        "1": 0.10717230008244023,
        "D": 0.014014839241549877,
        "<": 0.0008244023083264633,
        "_": 0.0008244023083264633,
        "v": 0.0,
        ">": 0.0,
        "C": 0.0,
        "O": 0.0,
        "Q": 0.0,
        "W": 0.0,
        "S": 0.0,
        "B": 0.0,
        "R": 0.0,
        "F": 0.0,
        "L": 0.0
    },
    "<": {
        "D": 0.09897610921501707,
        "1": 0.8498293515358362,
        "0": 0.017064846416382253,
        "^": 0.0034129692832764505,
        ">": 0.006825938566552901,
        "v": 0.023890784982935155,
        "<": 0.0,
        "C": 0.0,
        "_": 0.0,
        "O": 0.0,
        "Q": 0.0,
        "W": 0.0,
        "S": 0.0,
        "B": 0.0,
        "R": 0.0,
        "F": 0.0,
        "L": 0.0
    },
    "v": {
        "v": 0.7851239669421488,
        "0": 0.10743801652892562,
        "1": 0.05785123966942149,
        ">": 0.049586776859504134,
        "^": 0.0,
        "<": 0.0,
        "D": 0.0,
        "C": 0.0,
        "_": 0.0,
        "O": 0.0,
        "Q": 0.0,
        "W": 0.0,
        "S": 0.0,
        "B": 0.0,
        "R": 0.0,
        "F": 0.0,
        "L": 0.0
    },
    ">": {
        "0": 1.0,
        "1": 0.0,
        "^": 0.0,
        "<": 0.0,
        "v": 0.0,
        ">": 0.0,
        "D": 0.0,
        "C": 0.0,
        "_": 0.0,
        "O": 0.0,
        "Q": 0.0,
        "W": 0.0,
        "S": 0.0,
        "B": 0.0,
        "R": 0.0,
        "F": 0.0,
        "L": 0.0
    },
    "D": {
        "D": 0.8619601328903654,
        "0": 0.09169435215946845,
        "1": 0.03504983388704319,
        ">": 0.008803986710963455,
        "^": 0.0024916943521594683,
        "<": 0.0,
        "v": 0.0,
        "C": 0.0,
        "_": 0.0,
        "O": 0.0,
        "Q": 0.0,
        "W": 0.0,
        "S": 0.0,
        "B": 0.0,
        "R": 0.0,
        "F": 0.0,
        "L": 0.0
    },
    "C": {
        "1": 0.22727272727272727,
        "C": 0.5454545454545454,
        "0": 0.22727272727272727,
        "^": 0.0,
        "<": 0.0,
        "v": 0.0,
        ">": 0.0,
        "D": 0.0,
        "_": 0.0,
        "O": 0.0,
        "Q": 0.0,
        "W": 0.0,
        "S": 0.0,
        "B": 0.0,
        "R": 0.0,
        "F": 0.0,
        "L": 0.0
    },
    "_": {
        "_": 0.6333333333333333,
        "0": 0.2708333333333333,
        "1": 0.09166666666666666,
        "^": 0.004166666666666667,
        "<": 0.0,
        "v": 0.0,
        ">": 0.0,
        "D": 0.0,
        "C": 0.0,
        "O": 0.0,
        "Q": 0.0,
        "W": 0.0,
        "S": 0.0,
        "B": 0.0,
        "R": 0.0,
        "F": 0.0,
        "L": 0.0
    },
    "R": {
        "0": 1.0,
        "1": 0.0,
        "^": 0.0,
        "<": 0.0,
        "v": 0.0,
        ">": 0.0,
        "D": 0.0,
        "C": 0.0,
        "_": 0.0,
        "O": 0.0,
        "Q": 0.0,
        "W": 0.0,
        "S": 0.0,
        "B": 0.0,
        "R": 0.0,
        "F": 0.0,
        "L": 0.0
    },
    "L": {
        "L": 0.75,
        "1": 0.19444444444444445,
        "0": 0.05555555555555555,
        "^": 0.0,
        "<": 0.0,
        "v": 0.0,
        ">": 0.0,
        "D": 0.0,
        "C": 0.0,
        "_": 0.0,
        "O": 0.0,
        "Q": 0.0,
        "W": 0.0,
        "S": 0.0,
        "B": 0.0,
        "R": 0.0,
        "F": 0.0
    }
}