{
    "00": {
        "0": 0.9370081463929294,
        "1": 0.0447446252832212,
        "^": 0.0021274019751976064,
        "<": 0.004860162236020547,
        "D": 0.009599252814916028,
        "_": 0.0008820935019112026,
        "R": 0.00032862306933946765,
        "v": 0.00022484736323226731,
        ">": 0.0001037757061072003,
        "C": 0.00012107165712506703,
        "O": 0.0,
        "Q": 0.0,
        "W": 0.0,
        "S": 0.0,
        "B": 0.0,
        "F": 0.0,
        "L": 0.0
    },
    "01": {
        "1": 0.9005503144654088,
        "0": 0.07114779874213836,
        "^": 0.0019654088050314465,
        "D": 0.010220125786163521,
        ">": 0.015330188679245283,
        "_": 0.0007861635220125787,
        "<": 0.0,
        "v": 0.0,
        "C": 0.0,
        "O": 0.0,
        "Q": 0.0,
        "W": 0.0,
        "S": 0.0,
        "B": 0.0,
        "R": 0.0,
        "F": 0.0,
        "L": 0.0
    },
    "0^": {
        "^": 0.8211382113821138,
        "0": 0.04878048780487805,
        "1": 0.11382113821138211,
        "D": 0.008130081300813009,
        "_": 0.008130081300813009,
        "<": 0.0,
        "v": 0.0,
        ">": 0.0,
        "C": 0.0,
        "O": 0.0,
        "Q": 0.0,
        "W": 0.0,
        "S": 0.0,
        "B": 0.0,
        "R": 0.0,
        "F": 0.0,
        "L": 0.0
    },
    "0<": {
        "D": 0.09931506849315068,
        "1": 0.8527397260273972,
        "0": 0.017123287671232876,
        ">": 0.00684931506849315,
        "v": 0.023972602739726026,
        "^": 0.0,
        "<": 0.0,
        "C": 0.0,
        "_": 0.0,
        "O": 0.0,
        "Q": 0.0,
        "W": 0.0,
        "S": 0.0,
        "B": 0.0,
        "R": 0.0,
        "F": 0.0,
        "L": 0.0
    },
    "0v": {
        "v": 0.8461538461538461,
        "1": 0.07692307692307693,
        ">": 0.07692307692307693,
        "0": 0.0,
        "^": 0.0,
        "<": 0.0,
        "D": 0.0,
        "C": 0.0,
        "_": 0.0,
        "O": 0.0,
        "Q": 0.0,
        "W": 0.0,
        "S": 0.0,
        "B": 0.0,
        "R": 0.0,
        "F": 0.0,
        "L": 0.0
    },
    "0>": {
        "0": 1.0,
        "1": 0.0,
        "^": 0.0,
        "<": 0.0,
        "v": 0.0,
        ">": 0.0,
        "D": 0.0,
        "C": 0.0,
        "_": 0.0,
        "O": 0.0,
        "Q": 0.0,
        "W": 0.0,
        "S": 0.0,
        "B": 0.0,
        "R": 0.0,
        "F": 0.0,
        "L": 0.0
    },
    "0D": {
        "D": 0.9928825622775801,
        ">": 0.0071174377224199285,
        "0": 0.0,
        "1": 0.0,
        "^": 0.0,
        "<": 0.0,
        "v": 0.0,
        "C": 0.0,
        "_": 0.0,
        "O": 0.0,
        "Q": 0.0,
        "W": 0.0,
        "S": 0.0,
        "B": 0.0,
        "R": 0.0,
        "F": 0.0,
        "L": 0.0
    },
    "0C": {
        "C": 0.8571428571428571,
        "1": 0.14285714285714285,
        "0": 0.0,
        "^": 0.0,
        "<": 0.0,
        "v": 0.0,
        ">": 0.0,
        "D": 0.0,
        "_": 0.0,
        "O": 0.0,
        "Q": 0.0,
        "W": 0.0,
        "S": 0.0,
        "B": 0.0,
        "R": 0.0,
        "F": 0.0,
        "L": 0.0
    },
    "0_": {
        "_": 0.864406779661017,
        "0": 0.1016949152542373,
        "1": 0.03389830508474576,
        "^": 0.0,
        "<": 0.0,
        "v": 0.0,
        ">": 0.0,
        "D": 0.0,
        "C": 0.0,
        "O": 0.0,
        "Q": 0.0,
        "W": 0.0,
        "S": 0.0,
        "B": 0.0,
        "R": 0.0,
        "F": 0.0,
        "L": 0.0
    },
    "0R": {
        "0": 1.0,
        "1": 0.0,
        "^": 0.0,
        "<": 0.0,
        "v": 0.0,
        ">": 0.0,
        "D": 0.0,
        "C": 0.0,
        "_": 0.0,
        "O": 0.0,
        "Q": 0.0,
        "W": 0.0,
        "S": 0.0,
        "B": 0.0,
        "R": 0.0,
        "F": 0.0,
        "L": 0.0
    },
    "0L": {
        "L": 1.0,
        "0": 0.0,
        "1": 0.0,
        "^": 0.0,
        "<": 0.0,
        "v": 0.0,
        ">": 0.0,
        "D": 0.0,
        "C": 0.0,
        "_": 0.0,
        "O": 0.0,
        "Q": 0.0,
        "W": 0.0,
        "S": 0.0,
        "B": 0.0,
        "R": 0.0,
        "F": 0.0
    },
    "10": {
        "0": 0.9705103969754253,
        "1": 0.018525519848771266,
        "D": 0.0026465028355387526,
        "R": 0.0007561436672967864,
        "_": 0.0030245746691871457,
        "<": 0.0011342155009451795,
        "L": 0.003402646502835539,
        "^": 0.0,
        "v": 0.0,
        ">": 0.0,
        "C": 0.0,
        "O": 0.0,
        "Q": 0.0,
        "W": 0.0,
        "S": 0.0,
        "B": 0.0,
        "F": 0.0
    },
    "11": {
        "1": 0.8802525489526898,
        "0": 0.10093426048376776,
        "^": 0.005289876711744379,
        "_": 0.0011091676976238214,
        "D": 0.007550872403054477,
        ">": 0.004479331086557741,
        "v": 0.00025596177637472804,
        "C": 0.00012798088818736402,
        "<": 0.0,
        "O": 0.0,
        "Q": 0.0,
        "W": 0.0,
        "S": 0.0,
        "B": 0.0,
        "R": 0.0,
        "F": 0.0,
        "L": 0.0
    },
    "1^": {
        "^": 0.8832116788321168,
        "0": 0.11678832116788321,
        "1": 0.0,
        "<": 0.0,
        "v": 0.0,
        ">": 0.0,
        "D": 0.0,
        "C": 0.0,
        "_": 0.0,
        "O": 0.0,
        "Q": 0.0,
        "W": 0.0,
        "S": 0.0,
        "B": 0.0,
        "R": 0.0,
        "F": 0.0,
        "L": 0.0
    },
    "1v": {
        "v": 1.0,
        "0": 0.0,
        "1": 0.0,
        "^": 0.0,
        "<": 0.0,
        ">": 0.0,
        "D": 0.0,
        "C": 0.0,
        "_": 0.0,
        "O": 0.0,
        "Q": 0.0,
        "W": 0.0,
        "S": 0.0,
        "B": 0.0,
        "R": 0.0,
        "F": 0.0,
        "L": 0.0
    },
    "1>": {
        "0": 1.0,
        "1": 0.0,
        "^": 0.0,
        "<": 0.0,
        "v": 0.0,
        ">": 0.0,
        "D": 0.0,
        "C": 0.0,
        "_": 0.0,
        "O": 0.0,
        "Q": 0.0,
        "W": 0.0,
        "S": 0.0,
        "B": 0.0,
        "R": 0.0,
        "F": 0.0,
        "L": 0.0
    },
    "1D": {
        "D": 1.0,
        "0": 0.0,
        "1": 0.0,
        "^": 0.0,
        "<": 0.0,
        "v": 0.0,
        ">": 0.0,
        "C": 0.0,
        "_": 0.0,
        "O": 0.0,
        "Q": 0.0,
        "W": 0.0,
        "S": 0.0,
        "B": 0.0,
        "R": 0.0,
        "F": 0.0,
        "L": 0.0
    },
    "1C": {
        "1": 0.6666666666666666,
        "C": 0.3333333333333333,
        "0": 0.0,
        "^": 0.0,
        "<": 0.0,
        "v": 0.0,
        ">": 0.0,
        "D": 0.0,
        "_": 0.0,
        "O": 0.0,
        "Q": 0.0,
        "W": 0.0,
        "S": 0.0,
        "B": 0.0,
        "R": 0.0,
        "F": 0.0,
        "L": 0.0
    },
    "1_": {
        "_": 0.9285714285714286,
        "0": 0.07142857142857142,
        "1": 0.0,
        "^": 0.0,
        "<": 0.0,
        "v": 0.0,
        ">": 0.0,
        "D": 0.0,
        "C": 0.0,
        "O": 0.0,
        "Q": 0.0,
        "W": 0.0,
        "S": 0.0,
        "B": 0.0,
        "R": 0.0,
        "F": 0.0,
        "L": 0.0
    },
    "^0": {
        "0": 0.984375,
        "<": 0.015625,
        "1": 0.0,
        "^": 0.0,
        "v": 0.0,
        ">": 0.0,
        "D": 0.0,
        "C": 0.0,
        "_": 0.0,
        "O": 0.0,
        "Q": 0.0,
        "W": 0.0,
        "S": 0.0,
        "B": 0.0,
        "R": 0.0,
        "F": 0.0,
        "L": 0.0
    },
    "^1": {
        "1": 0.9603174603174603,
        "D": 0.007936507936507936,
        "0": 0.031746031746031744,
        "^": 0.0,
        "<": 0.0,
        "v": 0.0,
        ">": 0.0,
        "C": 0.0,
        "_": 0.0,
        "O": 0.0,
        "Q": 0.0,
        "W": 0.0,
        "S": 0.0,
        "B": 0.0,
        "R": 0.0,
        "F": 0.0,
        "L": 0.0
    },
    "^^": {
        "^": 0.7478632478632479,
        "0": 0.11004273504273504,
        "1": 0.12393162393162394,
        "D": 0.017094017094017096,
        "<": 0.0010683760683760685,