{
    "00": {
        "0": 0.9899746215734625,
        "^": 0.002051872783887399,
        "<": 0.0007199553627675084,
        "_": 0.0010619341600820748,
        "1": 0.005273673032271999,
        "R": 0.0003959754495221296,
        "D": 0.00037797656545294193,
        "v": 1.799888406918771e-05,
        "C": 0.00012599218848431397,
        ">": 0.0,
        "O": 0.0,
        "Q": 0.0,
        "W": 0.0,
        "S": 0.0,
        "B": 0.0,
        "F": 0.0,
        "L": 0.0
    },
    "01": {
        "1": 0.48130841121495327,
        "0": 0.4782710280373832,
        "^": 0.0308411214953271,
        "_": 0.0065420560747663555,
        "D": 0.002102803738317757,
        "C": 0.0007009345794392523,
        ">": 0.00023364485981308412,
        "<": 0.0,
        "v": 0.0,
        "O": 0.0,
        "Q": 0.0,
        "W": 0.0,
        "S": 0.0,
        "B": 0.0,
        "R": 0.0,
        "F": 0.0,
        "L": 0.0
    },
    "0^": {
        "^": 0.8735849056603774,
        "0": 0.11981132075471698,
        "1": 0.005660377358490566,
        "_": 0.0009433962264150943,
        "<": 0.0,
        "v": 0.0,
        ">": 0.0,
        "D": 0.0,
        "C": 0.0,
        "O": 0.0,
        "Q": 0.0,
        "W": 0.0,
        "S": 0.0,
        "B": 0.0,
        "R": 0.0,
        "F": 0.0,
        "L": 0.0
    },
    "0<": {
        "1": 0.2857142857142857,
        "0": 0.5714285714285714,
        "^": 0.14285714285714285,
        "<": 0.0,
        "v": 0.0,
        ">": 0.0,
        "D": 0.0,
        "C": 0.0,
        "_": 0.0,
        "O": 0.0,
        "Q": 0.0,
        "W": 0.0,
        "S": 0.0,
        "B": 0.0,
        "R": 0.0,
        "F": 0.0,
        "L": 0.0
    },
    "0v": {
        "0": 1.0,
        "1": 0.0,
        "^": 0.0,
        "<": 0.0,
        "v": 0.0,
        ">": 0.0,
        "D": 0.0,
        "C": 0.0,
        "_": 0.0,
        "O": 0.0,
        "Q": 0.0,
        "W": 0.0,
        "S": 0.0,
        "B": 0.0,
        "R": 0.0,
        "F": 0.0,
        "L": 0.0
    },
    "0>": {
        "0": 1.0,
        "1": 0.0,
        "^": 0.0,
        "<": 0.0,
        "v": 0.0,
        ">": 0.0,
        "D": 0.0,
        "C": 0.0,
        "_": 0.0,
        "O": 0.0,
        "Q": 0.0,
        "W": 0.0,
        "S": 0.0,
        "B": 0.0,
        "R": 0.0,
        "F": 0.0,
        "L": 0.0
    },
    "0D": {
        "0": 0.6916780354706685,
        "D": 0.2673942701227831,
        "1": 0.020463847203274217,
        "^": 0.020463847203274217,
        "<": 0.0,
        "v": 0.0,
        ">": 0.0,
        "C": 0.0,
        "_": 0.0,
        "O": 0.0,
        "Q": 0.0,
        "W": 0.0,
        "S": 0.0,
        "B": 0.0,
        "R": 0.0,
        "F": 0.0,
        "L": 0.0
    },
    "0C": {
        "C": 0.6666666666666666,
        "0": 0.2777777777777778,
        "1": 0.05555555555555555,
        "^": 0.0,
        "<": 0.0,
        "v": 0.0,
        ">": 0.0,
        "D": 0.0,
        "_": 0.0,
        "O": 0.0,
        "Q": 0.0,
        "W": 0.0,
        "S": 0.0,
        "B": 0.0,
        "R": 0.0,
        "F": 0.0,
        "L": 0.0
    },
    "0_": {
        "_": 0.680365296803653,
        "0": 0.2922374429223744,
        "^": 0.0045662100456621,
        "1": 0.0228310502283105,
        "<": 0.0,
        "v": 0.0,
        ">": 0.0,
        "D": 0.0,
        "C": 0.0,
        "O": 0.0,
        "Q": 0.0,
        "W": 0.0,
        "S": 0.0,
        "B": 0.0,
        "R": 0.0,
        "F": 0.0,
        "L": 0.0
    },
    "0R": {
        "0": 1.0,
        "1": 0.0,
        "^": 0.0,
        "<": 0.0,
        "v": 0.0,
        ">": 0.0,
        "D": 0.0,
        "C": 0.0,
        "_": 0.0,
        "O": 0.0,
        "Q": 0.0,
        "W": 0.0,
        "S": 0.0,
        "B": 0.0,
        "R": 0.0,
        "F": 0.0,
        "L": 0.0
    },
    "0L": {
        "0": 1.0,
        "1": 0.0,
        "^": 0.0,
        "<": 0.0,
        "v": 0.0,
        ">": 0.0,
        "D": 0.0,
        "C": 0.0,
        "_": 0.0,
        "O": 0.0,
        "Q": 0.0,
        "W": 0.0,
        "S": 0.0,
        "B": 0.0,
        "R": 0.0,
        "F": 0.0,
        "L": 0.0
    },
    "10": {
        "1": 0.5178571428571429,
        "0": 0.4674908424908425,
        "D": 0.008241758241758242,
        "<": 0.003891941391941392,
        "v": 0.0018315018315018315,
        ">": 0.00022893772893772894,
        "^": 0.0004578754578754579,
        "C": 0.0,
        "_": 0.0,
        "O": 0.0,
        "Q": 0.0,
        "W": 0.0,
        "S": 0.0,
        "B": 0.0,
        "R": 0.0,
        "F": 0.0,
        "L": 0.0
    },
    "11": {
        "1": 0.978291555122901,
        "0": 0.020442930153321975,
        ">": 0.0006814310051107325,
        "D": 0.00034071550255536625,
        "v": 0.0002433682161109759,
        "^": 0.0,
        "<": 0.0,
        "C": 0.0,
        "_": 0.0,
        "O": 0.0,
        "Q": 0.0,
        "W": 0.0,
        "S": 0.0,
        "B": 0.0,
        "R": 0.0,
        "F": 0.0,
        "L": 0.0
    },
    "1^": {
        "1": 0.9791666666666666,
        "^": 0.020833333333333332,
        "0": 0.0,
        "<": 0.0,
        "v": 0.0,
        ">": 0.0,
        "D": 0.0,
        "C": 0.0,
        "_": 0.0,
        "O": 0.0,
        "Q": 0.0,
        "W": 0.0,
        "S": 0.0,
        "B": 0.0,
        "R": 0.0,
        "F": 0.0,
        "L": 0.0
    },
    "1<": {
        "1": 0.9653679653679653,
        "v": 0.030303030303030304,
        "D": 0.004329004329004329,
        "0": 0.0,
        "^": 0.0,
        "<": 0.0,
        ">": 0.0,
        "C": 0.0,
        "_": 0.0,
        "O": 0.0,
        "Q": 0.0,
        "W": 0.0,
        "S": 0.0,
        "B": 0.0,
        "R": 0.0,
        "F": 0.0,
        "L": 0.0
    },
    "1v": {
        "v": 0.9111111111111111,
        "0": 0.022222222222222223,
        "1": 0.06666666666666667,
        "^": 0.0,
        "<": 0.0,
        ">": 0.0,
        "D": 0.0,
        "C": 0.0,
        "_": 0.0,
        "O": 0.0,
        "Q": 0.0,
        "W": 0.0,
        "S": 0.0,
        "B": 0.0,
        "R": 0.0,
        "F": 0.0,
        "L": 0.0
    },
    "1>": {
        "0": 1.0,
        "1": 0.0,
        "^": 0.0,
        "<": 0.0,
        "v": 0.0,
        ">": 0.0,
        "D": 0.0,
        "C": 0.0,
        "_": 0.0,
        "O": 0.0,
        "Q": 0.0,
        "W": 0.0,
        "S": 0.0,
        "B": 0.0,
        "R": 0.0,
        "F": 0.0,
        "L": 0.0
    },
    "1D": {
        "D": 0.6397415185783522,
        "0": 0.07269789983844911,
        "1": 0.2859450726978998,
        ">": 0.0016155088852988692,
        "^": 0.0,
        "<": 0.0,
        "v": 0.0,
        "C": 0.0,
        "_": 0.0,
        "O": 0.0,
        "Q": 0.0,
        "W": 0.0,
        "S": 0.0,
        "B": 0.0,
        "R": 0.0,
        "F": 0.0,
        "L": 0.0
    },
    "1C": {
        "1": 1.0,
        "0": 0.0,
        "^": 0.0,
        "<": 0.0,
        "v": 0.0,
        ">": 0.0,
        "D": 0.0,
        "C": 0.0,
        "_": 0.0,
        "O": 0.0,
        "Q": 0.0,
        "W": 0.0,
        "S": 0.0,
        "B": 0.0,
        "R": 0.0,
        "F": 0.0,
        "L": 0.0
    },
    "1_": {
        "1": 0.8888888888888888,
        "_": 0.1111111111111111,
        "0": 0.0,
        "^": 0.0,
        "<": 0.0,
        "v": 0.0,
        ">": 0.0,
        "D": 0.0,
        "C": 0.0,
        "O": 0.0,
        "Q": 0.0,
        "W": 0.0,
        "S": 0.0,
        "B": 0.0,
        "R": 0.0,
        "F": 0.0,
        "L": 0.0
    },
    "1L": {
        "1": 0.875,
        "0": 0.125,
        "^": 0.0,
        "<": 0.0,
        "v": 0.0,
        ">": 0.0,
        "D": 0.0,
        "C": 0.0,
        "_": 0.0,
        "O": 0.0,
        "Q": 0.0,
        "W": 0.0,
        "S": 0.0,
        "B": 0.0,
        "R": 0.0,
        "F": 0.0,
        "L": 0.0
    },
    "^0": {
        "1": 0.647887323943662,
        "D": 0.2535211267605634,
        "0": 0.08450704225352113,
        ">": 0.014084507042253521,
        "^": 0.0,
        "<": 0.0,
        "v": 0.0,